{
  "tuned_params": {
    "c_L0": 0.55,
    "c_La": 3.8,
    "c_D0": 0.16,
    "c_Da2": 0.5,
    "c_m0": 0.1,
    "c_ma": -0.72,
    "c_Lds": 0.2,
    "c_Dds": 0.3
  },
  "performance": {
    "zero_brake": {
      "V": 4.285132735593378,
      "sink": 0.84967688256574,
      "h_speed": 4.2000490183910175,
      "glide_ratio": 4.943113205231939,
      "alpha_deg": 9.660365129855894,
      "pitch_deg": -1.776314230863957
    },
    "mid_brake": {
      "V": 3.8567628718007563,
      "sink": 1.025075449424371,
      "h_speed": 3.718042518891929,
      "glide_ratio": 3.627091567727808,
      "alpha_deg": 11.997839853287958,
      "pitch_deg": -3.4158512753366193
    }
  },
  "targets": {
    "V": 4.3,
    "sink_zero": 0.85,
    "sink_mid": 0.9,
    "LD": 5.0
  }
}